mode,group,rows,round,table_rows,write_p50_ms,write_p95_ms,sync_ms,fixture_mib,fixture_delta_kib,journal_kib_before,journal_kib_after,heap_mib
journal,append,1000,1,5432,0.42,3.9,292,1.2,-561.9,1954.9,19.6,12.9
journal,append,1000,2,6432,0.85,4.26,208,1.6,405.5,426.2,1.0,20.1
journal,append,1000,3,7432,0.52,3.91,247,2.1,468.0,408.2,1.0,21.8
journal,append,1000,4,8432,0.53,3.88,245,2.5,437.0,409.1,1.0,23.2
journal,append,1000,5,9432,0.63,4.07,420,2.9,412.5,410.2,1.0,18.9
journal,append,1000,6,10432,0.66,4.41,274,3.3,422.2,410.2,1.0,20.5
journal,append,1000,7,11432,1.23,6.32,327,3.7,446.2,410.2,1.0,22.1
journal,append,1000,8,12432,1.02,5.21,364,4.2,467.7,410.2,1.0,35.8
journal,append,1000,9,13432,1.44,5.29,311,4.7,513.6,410.2,1.0,37.5
journal,append,1000,10,14432,1.02,3.28,320,5.2,512.9,410.2,1.0,39.1
journal,append,10000,1,14554,0.57,4.01,485,3.3,-130.0,2061.7,24.3,40.8
journal,append,10000,2,15554,0.58,3.94,309,3.7,416.5,433.5,1.0,29.0
journal,append,10000,3,16554,0.54,4.29,335,4.2,545.5,410.2,1.0,42.8
journal,append,10000,4,17554,0.65,4.0,333,4.7,480.8,410.2,1.0,44.2
journal,append,10000,5,18554,0.52,3.83,390,5.2,507.8,410.2,1.0,42.1
journal,append,10000,6,19554,0.68,3.65,367,5.7,552.7,410.2,1.0,35.7
journal,append,10000,7,20554,0.6,3.67,400,6.2,483.2,410.2,1.0,49.2
journal,append,10000,8,21554,0.62,3.84,420,6.7,520.5,410.2,1.0,50.8
journal,append,10000,9,22554,0.92,4.33,392,7.2,526.8,410.2,1.0,40.4
journal,append,10000,10,23554,1.06,3.76,433,7.8,540.4,410.2,1.0,41.9
journal,append,100000,1,104611,0.62,3.17,1471,19.6,555.8,2105.5,26.4,168.8
journal,append,100000,2,105611,0.66,3.5,1169,20.4,751.8,435.6,1.0,264.7
journal,append,100000,3,106611,0.71,4.16,1158,21.1,751.6,410.2,1.0,266.4
journal,append,100000,4,107611,0.96,3.36,1166,21.8,754.5,410.2,1.0,268.2
journal,append,100000,5,108611,0.98,3.46,1209,22.6,788.1,410.2,1.0,270.0
journal,append,100000,6,109611,1.29,3.82,1236,23.4,783.2,410.2,1.0,271.7
journal,append,100000,7,110611,0.76,3.62,1198,24.1,766.1,410.2,1.0,273.4
journal,append,100000,8,111611,0.78,3.39,1216,24.9,786.4,410.2,1.0,275.2
journal,append,100000,9,112611,0.93,3.17,1215,25.7,773.7,410.2,1.0,277.0
journal,append,100000,10,113611,0.64,3.37,1230,26.4,759.7,410.2,1.0,278.6
journal,mutable,1000,1,1000,0.42,0.62,232,1.6,318.0,1542.1,30.5,28.6
journal,mutable,1000,2,1000,0.44,0.6,217,2.2,650.9,1181.5,23.5,24.4
journal,mutable,1000,3,1000,0.46,0.64,231,2.9,673.1,1175.0,23.7,32.0
journal,mutable,1000,4,1000,0.45,0.65,226,3.5,688.0,1175.3,23.7,24.8
journal,mutable,1000,5,1000,0.45,0.6,227,4.2,669.4,1174.9,23.7,29.4
journal,mutable,1000,6,1000,0.45,0.58,229,4.8,672.5,1175.4,23.7,32.6
journal,mutable,1000,7,1000,0.46,0.62,240,5.5,685.3,1175.2,23.7,21.8
journal,mutable,1000,8,1000,0.43,0.57,228,6.2,679.0,1175.1,23.7,20.1
journal,mutable,1000,9,1000,0.45,0.57,238,6.8,680.6,1175.5,23.7,30.3
journal,mutable,1000,10,1000,0.43,0.54,228,7.5,678.2,1175.0,23.7,30.5
journal,mutable,10000,1,10000,0.45,0.59,1278,13.1,4802.8,1595.1,31.5,139.0
journal,mutable,10000,2,10000,0.47,0.62,1185,17.5,4474.4,1184.5,23.5,89.7
journal,mutable,10000,3,10000,0.43,0.6,1170,21.9,4498.1,1177.1,23.7,138.0
journal,mutable,10000,4,10000,0.5,0.69,1141,26.2,4422.2,1177.1,23.7,138.1
journal,mutable,10000,5,10000,0.47,0.58,1111,30.1,3984.2,1177.0,23.7,137.5
journal,mutable,10000,6,10000,0.49,0.62,1187,34.7,4653.5,1177.4,23.7,139.1
journal,mutable,10000,7,10000,0.5,0.65,1216,39.2,4608.2,1177.1,23.7,139.2
journal,mutable,10000,8,10000,0.49,0.64,1175,43.4,4339.2,1177.3,23.7,138.9
journal,mutable,10000,9,10000,0.5,0.66,1161,47.5,4182.2,1177.2,23.7,138.8
journal,mutable,10000,10,10000,0.49,0.62,1154,51.6,4240.1,1177.1,23.7,139.2
journal,mutable,100000,1,100000,0.82,1.08,6107,91.8,12354.6,1549.3,30.6,1111.5
journal,mutable,100000,2,100000,0.87,1.1,5845,102.7,11137.7,1184.6,23.5,1109.4
journal,mutable,100000,3,100000,0.87,1.17,5697,112.6,10194.9,1178.0,23.7,1108.8
journal,mutable,100000,4,100000,0.88,1.09,5506,122.6,10250.1,1178.2,23.7,1110.0
journal,mutable,100000,5,100000,0.89,1.16,5736,133.2,10839.9,1177.9,23.7,1112.2
journal,mutable,100000,6,100000,0.9,1.14,5727,144.6,11663.1,1178.2,23.7,1115.1
journal,mutable,100000,7,100000,0.85,1.08,5448,155.0,10641.6,1178.2,23.7,1114.3
journal,mutable,100000,8,100000,0.82,1.03,5407,165.3,10554.0,1178.2,23.7,1115.1
journal,mutable,100000,9,100000,0.83,1.02,5556,176.8,11755.2,1178.0,23.7,1118.8
journal,mutable,100000,10,100000,0.89,1.11,5719,187.8,11286.1,1178.1,23.7,1118.9
native-git,append,1000,1,5184,15.51,19.51,181,5.2,2895.9,,,16.6
native-git,append,1000,2,6184,15.56,19.75,96,6.0,818.3,,,26.1
native-git,append,1000,3,7184,16.47,29.03,102,6.9,907.4,,,26.6
native-git,append,1000,4,8184,15.84,22.62,103,7.8,916.0,,,28.9
native-git,append,1000,5,9184,16.41,25.31,108,8.7,931.1,,,32.7
native-git,append,1000,6,10184,15.77,22.76,114,9.7,1045.0,,,33.2
native-git,append,1000,7,11184,18.98,26.56,111,10.7,984.2,,,35.3
native-git,append,1000,8,12184,18.23,27.28,119,11.7,1031.1,,,43.4
native-git,append,1000,9,13184,21.35,25.25,118,12.7,1079.0,,,45.5
native-git,append,1000,10,14184,18.97,25.56,123,13.9,1169.1,,,47.8
native-git,append,10000,1,14156,17.98,25.7,236,7.8,3595.8,,,40.4
native-git,append,10000,2,15156,22.48,25.31,124,8.9,1171.0,,,40.7
native-git,append,10000,3,16156,20.5,26.11,125,10.1,1164.2,,,30.8
native-git,append,10000,4,17156,21.57,26.87,123,11.1,1073.1,,,32.8
native-git,append,10000,5,18156,22.82,27.52,132,12.3,1213.1,,,35.1
native-git,append,10000,6,19156,23.32,25.77,137,13.5,1293.9,,,37.3
native-git,append,10000,7,20156,20.22,29.01,129,14.8,1261.0,,,53.6
native-git,append,10000,8,21156,21.61,29.02,140,16.0,1284.0,,,41.7
native-git,append,10000,9,22156,22.67,28.26,143,17.4,1367.4,,,56.0
native-git,append,10000,10,23156,22.17,29.08,147,18.7,1399.7,,,58.2
native-git,append,100000,1,104139,45.41,53.12,493,26.6,6274.5,,,127.9
native-git,append,100000,2,105139,46.89,55.88,302,29.7,3099.7,,,130.0
native-git,append,100000,3,106139,50.57,59.58,287,32.7,3136.9,,,132.2
native-git,append,100000,4,107139,49.12,61.63,281,35.8,3141.7,,,230.5
native-git,append,100000,5,108139,49.35,56.66,288,38.9,3181.5,,,232.6
native-git,append,100000,6,109139,48.54,58.41,297,42.0,3209.8,,,138.5
native-git,append,100000,7,110139,53.94,58.58,301,45.2,3269.8,,,140.7
native-git,append,100000,8,111139,50.52,58.89,298,48.4,3280.0,,,142.9
native-git,append,100000,9,112139,50.69,59.92,299,51.6,3265.5,,,241.3
native-git,append,100000,10,113139,54.53,59.03,306,54.8,3217.5,,,147.1
native-git,mutable,1000,1,1000,12.77,16.31,2224,36.0,33675.6,,,102.1
native-git,mutable,1000,2,1000,12.37,14.68,2263,68.5,33290.6,,,233.1
native-git,mutable,1000,3,1000,12.51,14.42,2190,100.8,33147.6,,,345.6
native-git,mutable,1000,4,1000,12.56,15.15,2043,131.6,31454.7,,,445.6
native-git,mutable,1000,5,1000,12.67,15.35,2096,162.2,31360.0,,,383.0
native-git,mutable,1000,6,1000,13.95,18.08,2389,195.4,34038.5,,,484.1
native-git,mutable,1000,7,1000,13.3,17.08,2195,227.0,32295.3,,,854.2
native-git,mutable,1000,8,1000,13.48,16.25,2180,258.5,32261.8,,,789.4
native-git,mutable,1000,9,1000,13.59,16.66,2284,290.8,33080.2,,,1088.0
native-git,mutable,1000,10,1000,13.38,17.32,2158,322.5,32515.4,,,816.0
native-git,mutable,10000,1,10000,25.81,31.25,4231,77.8,67913.3,,,246.4
native-git,mutable,10000,2,10000,25.69,31.08,4306,143.4,67218.8,,,331.6
native-git,mutable,10000,3,10000,25.79,31.21,4132,207.4,65555.9,,,513.6
native-git,mutable,10000,4,10000,25.68,30.57,4022,270.7,64768.8,,,537.5
native-git,mutable,10000,5,10000,25.49,30.8,3935,332.5,63292.4,,,859.4
native-git,mutable,10000,6,10000,25.98,31.29,4202,397.2,66281.5,,,1094.8
native-git,mutable,10000,7,10000,26.93,32.05,4149,461.6,65874.8,,,718.8
native-git,mutable,10000,8,10000,26.6,31.41,4181,525.7,65687.0,,,1073.7
native-git,mutable,10000,9,10000,26.72,31.91,4117,589.1,64918.1,,,1033.4
native-git,mutable,10000,10,10000,26.74,32.82,4198,654.3,66791.0,,,1417.8
native-git,mutable,100000,1,100000,100.13,111.46,7708,278.5,199765.8,,,1013.8
native-git,mutable,100000,2,100000,101.81,111.6,7587,470.2,196355.1,,,729.4
native-git,mutable,100000,3,100000,101.79,111.67,7530,660.8,195118.8,,,1214.6
native-git,mutable,100000,4,100000,100.62,110.68,7325,849.6,193294.4,,,1311.8
native-git,mutable,100000,5,100000,101.67,111.91,7352,1039.2,194191.1,,,1411.0
native-git,mutable,100000,6,100000,101.54,110.7,7530,1230.5,195887.7,,,1510.2
native-git,mutable,100000,7,100000,100.8,110.89,7455,1420.2,194252.9,,,1670.4
native-git,mutable,100000,8,100000,100.79,110.53,7445,1610.8,195150.2,,,1318.8
native-git,mutable,100000,9,100000,101.4,111.02,7711,1803.4,197204.0,,,1806.6
native-git,mutable,100000,10,100000,100.14,111.72,7933,1994.3,195520.8,,,2020.1
mysql,append,100000,1,104660,7.72,16.02,,,,,,5.4
mysql,append,100000,10,113660,1.69,11.15,,,,,,4.2
mysql,mutable,100000,1,100000,0.57,1.56,,,,,,5.5
mysql,mutable,100000,10,100000,0.36,0.88,,,,,,4.7
dolt,append,100000,1,104660,1.66,41.0,,,,,,4.3
dolt,append,100000,10,113660,5.04,45.05,,,,,,4.8
dolt,mutable,100000,1,100000,1.14,1.79,,,,,,3.2
dolt,mutable,100000,10,100000,1.14,1.85,,,,,,4.4
